node,candidate_flag,in_degree,out_degree,total_degree,betweenness,closeness,downstream_reach,min_hop_to_candidate,mean_hop_to_candidate,within2_count,response_mean,response_std,response_max,sensitivity,target_score,pred_score
HS1313487,0.0,2.0,1.0,3.0,0.031371078615173104,0.11858076563958916,2.0,1.0,13.479999542236328,1.0,0.15294146537780762,0.5236914753913879,4.395477294921875,0.07558520883321762,0.90291286,0.8685
HS1316835,0.0,1.0,1.0,2.0,0.015748031496062992,0.08300653594771241,1.0,1.0,14.359999656677246,1.0,0.002695685951039195,0.014875529333949089,0.15058404207229614,0.02612995356321335,0.9024665,0.8401841
HS1316676,0.0,2.0,1.0,3.0,0.01887264091988501,0.08981612446958982,2.0,1.0,13.859999656677246,3.0,0.14377255737781525,0.6791683435440063,5.721395015716553,0.04435989260673523,0.7997724,0.8138471
HS1316721,1.0,2.0,1.0,3.0,0.056659584218639335,0.10418375717801477,9.0,0.0,14.039999961853027,2.0,0.08708733320236206,0.5762181282043457,5.727453231811523,0.01786864548921585,0.80537933,0.8083297
HS1313044,0.0,2.0,2.0,4.0,0.1496062992125984,0.11737523105360444,8.0,1.0,11.34000015258789,4.0,0.08264707773923874,0.7588451504707336,7.626806735992432,0.2597871720790863,0.79569554,0.79809695
HS1313640,0.0,2.0,1.0,3.0,0.031371078615173104,0.09556057185854025,2.0,1.0,13.539999961853027,1.0,0.0038196484092622995,0.024503016844391823,0.24707938730716705,0.09875081479549408,0.7903211,0.7518955
HS1316585,1.0,2.0,1.0,3.0,0.07411573553305836,0.09687261632341723,8.0,0.0,13.0,5.0,0.0032683778554201126,0.020215339958667755,0.20431940257549286,1.0,0.6981622,0.6922646
HS1313025,1.0,2.0,1.0,3.0,0.07674040744906886,0.10601001669449082,5.0,0.0,11.539999961853027,5.0,0.004622971639037132,0.023909326642751694,0.19403381645679474,0.3430389165878296,0.71491086,0.6578739
HS1306601,1.0,2.0,2.0,4.0,0.3928675582218888,0.16821192052980133,24.0,0.0,10.899999618530273,6.0,0.1674090176820755,0.4994777739048004,3.0350680351257324,0.1406211256980896,0.6133006,0.62134945
HS1313402,1.0,2.0,2.0,4.0,0.28221472315960533,0.16558018252933507,39.0,0.0,10.800000190734863,4.0,0.007555502466857433,0.03978971019387245,0.35280221700668335,0.33542799949645996,0.6133006,0.6079912
HS2003013,0.0,2.0,2.0,4.0,0.09786276715410572,0.1543134872417983,52.0,1.0,10.220000267028809,5.0,0.03570522367954254,0.18544034659862518,1.6765270233154297,0.3256227970123291,0.5929198,0.60173154
MH0242303,0.0,1.0,1.0,2.0,0.015748031496062992,0.11555959963603275,1.0,1.0,14.479999542236328,1.0,0.3063760995864868,0.9134279489517212,5.923702716827393,0.011026281863451004,0.5922589,0.5897719
HS1316563,1.0,3.0,1.0,4.0,0.2033079198433528,0.11672794117647059,21.0,0.0,12.739999771118164,2.0,0.0031933505088090897,0.019261658191680908,0.19474783539772034,0.3546322286128998,0.586927,0.58863616
MH0242782,1.0,1.0,1.0,2.0,0.015748031496062992,0.08156711624919717,1.0,0.0,13.5600004196167,4.0,0.15387965738773346,0.7084847688674927,5.143346786499023,0.14322546124458313,0.5944454,0.57017046
MH0201597,0.0,2.0,1.0,3.0,0.07674040744906886,0.120837297811608,5.0,1.0,13.65999984741211,4.0,0.003473410615697503,0.02235129475593567,0.22578679025173187,0.01217888854444027,0.5918552,0.5654403
HS1316202,1.0,2.0,1.0,3.0,0.05168103987001625,0.13215400624349635,60.0,0.0,11.979999542236328,2.0,0.01725856028497219,0.13324908912181854,1.3256773948669434,0.2762988209724426,0.6013781,0.5375338
HS1316302,0.0,2.0,1.0,3.0,0.031371078615173104,0.11858076563958916,2.0,1.0,14.079999923706055,1.0,0.5229253768920898,0.9216610193252563,7.263603687286377,0.01703346148133278,0.5145121,0.5355144
HS1313959,0.0,2.0,1.0,3.0,0.031371078615173104,0.10663308144416457,2.0,1.0,14.140000343322754,1.0,0.0012304999399930239,0.0005976182292215526,0.002087034285068512,0.054811351001262665,0.5052319,0.5349375
HS1313835,1.0,2.0,2.0,4.0,0.3221888930550348,0.16261203585147246,47.0,0.0,11.4399995803833,4.0,0.0012040779693052173,0.0005845703999511898,0.0020432807505130768,0.2776184678077698,0.51060647,0.52935123
HS1313298,1.0,2.0,1.0,3.0,0.04674415698037745,0.11441441441441441,3.0,0.0,12.34000015258789,2.0,0.0012611758429557085,0.0006123690400272608,0.0021386374719440937,0.16478048264980316,0.6133006,0.52728593
HS1308324,0.0,3.0,1.0,4.0,0.17095779694204896,0.14906103286384975,96.0,1.0,8.619999885559082,3.0,0.11560343950986862,0.2359873503446579,1.1640031337738037,0.4874633848667145,0.5162135,0.5249199
HS1313253,1.0,2.0,1.0,3.0,0.031371078615173104,0.1145175834084761,2.0,0.0,12.760000228881836,2.0,0.10564006119966507,0.39967286586761475,2.50679874420166,0.16830916702747345,0.48423284,0.5230647
HS1314477,1.0,2.0,1.0,3.0,0.03893263342082239,0.13215400624349635,110.0,0.0,8.520000457763672,4.0,0.030075151473283768,0.16301429271697998,1.5586453676223755,0.4996681213378906,0.51468325,0.52203834
HS1311288,1.0,0.0,1.0,1.0,0.0,0.08099489795918367,0.0,0.0,12.65999984741211,2.0,0.39752182364463806,0.8454568982124329,5.972277641296387,0.09132421016693115,0.4893936,0.50832707
HS1318293,0.0,2.0,2.0,4.0,0.2512185976752906,0.14564220183486237,15.0,1.0,10.819999694824219,5.0,0.014663279056549072,0.09177903085947037,0.8875272274017334,0.3104792833328247,0.48423284,0.5007552
HS1316417,1.0,0.0,1.0,1.0,0.0,0.14002205071664828,0.0,0.0,13.760000228881836,2.0,0.297688364982605,0.9079540371894836,6.878556251525879,0.02615765854716301,0.4893936,0.49990574
HS2003111,1.0,3.0,0.0,3.0,0.06186726659167603,0.09702062643239114,5.0,0.0,14.15999984741211,3.0,0.0014384114183485508,0.0013007636880502105,0.00928717665374279,0.004495144821703434,0.51576716,0.49896276
HS1316415,1.0,0.0,1.0,1.0,0.0,0.10487200660611065,0.0,0.0,14.260000228881836,2.0,0.174745574593544,0.9115574955940247,8.919591903686523,0.015005342662334442,0.4893936,0.4982502
HS1316267,0.0,2.0,2.0,4.0,0.27604882722992957,0.13382507903055849,7.0,2.0,13.800000190734863,3.0,0.4851490259170532,0.9886119365692139,7.72607946395874,0.02805843949317932,0.48548788,0.49236774
VP0232532,1.0,1.0,1.0,2.0,0.015748031496062992,0.08962597035991532,1.0,0.0,13.9399995803833,3.0,0.07104070484638214,0.5143572092056274,5.002688407897949,0.002181391464546323,0.4893936,0.48776898
HS1306904,1.0,2.0,2.0,4.0,0.49541723951172745,0.17712691771269176,44.0,0.0,10.5,6.0,0.0014278269372880459,0.0006935216952115297,0.0024198396131396294,0.2826355993747711,0.48423284,0.4760609
MH0201710,1.0,1.0,1.0,2.0,0.04649418822647169,0.10845431255337319,3.0,0.0,13.899999618530273,4.0,0.6550607085227966,1.0487871170043945,6.230504512786865,0.00014235971320886165,0.41307297,0.42834345
HS1311284,0.0,1.0,1.0,2.0,0.015748031496062992,0.08807212205270458,1.0,1.0,12.359999656677246,3.0,0.12899214029312134,0.25796186923980713,1.3155828714370728,0.14683707058429718,0.41307297,0.40863708
HS1330842,1.0,0.0,2.0,2.0,0.015748031496062992,0.10592160133444536,0.0,0.0,14.020000457763672,1.0,0.002829530043527484,0.01596848852932453,0.161603644490242,0.054460491985082626,0.4107153,0.40745258
HS1308259,1.0,1.0,1.0,2.0,0.015748031496062992,0.13012295081967212,1.0,0.0,14.4399995803833,2.0,0.2563712000846863,0.8082918524742126,6.347691059112549,0.01133988332003355,0.38669938,0.4064561
MH0100292,0.0,3.0,1.0,4.0,0.16372953380827396,0.13052415210688592,11.0,1.0,12.880000114440918,2.0,0.03707633912563324,0.321696400642395,3.232861280441284,0.11976794898509979,0.38262257,0.38558158
HS1313794,0.0,2.0,1.0,3.0,0.11113194184060332,0.15282791817087846,45.0,1.0,11.5,3.0,0.0034676718059927225,0.02245492674410343,0.22681459784507751,0.28032562136650085,0.38262257,0.37853315
HS1311339,1.0,1.0,1.0,2.0,0.015748031496062992,0.0948469006721434,1.0,0.0,13.520000457763672,1.0,0.0013361579040065408,0.0019386279163882136,0.019807301461696625,0.09975679218769073,0.30785003,0.32321745
HS2003046,1.0,2.0,1.0,3.0,0.15691788526434194,0.14819136522753792,29.0,0.0,11.199999809265137,4.0,0.001359754242002964,0.0006606696988455951,0.0023089947644621134,0.27699026465415955,0.28508914,0.30220193
HS2003085,1.0,0.0,2.0,2.0,0.07624046994125734,0.10663308144416457,0.0,0.0,13.739999771118164,2.0,0.08376849442720413,0.2526664733886719,1.5128486156463623,0.06512165069580078,0.29310137,0.29035997
HS1313597,1.0,3.0,1.0,4.0,0.04686914135733033,0.13354363827549948,3.0,0.0,13.84000015258789,2.0,0.0011941335396841168,0.000579938932787627,0.0020292147528380156,0.05332297831773758,0.20022763,0.2337672
HS1313205,1.0,2.0,2.0,4.0,0.13071282756322122,0.14648212226066898,20.0,0.0,10.899999618530273,5.0,0.0066511561162769794,0.03270881995558739,0.24564914405345917,0.3058907687664032,0.19462064,0.2060511
HS1311887,0.0,1.0,1.0,2.0,0.03124609423822022,0.10452674897119342,2.0,1.0,13.380000114440918,1.0,0.0017948300810530782,0.006063001696020365,0.06184731423854828,0.09904218465089798,0.20791711,0.19802928
HS2003015,1.0,1.0,1.0,2.0,0.011144440278298544,0.1372972972972973,31.0,0.0,11.680000305175781,2.0,0.02367190085351467,0.10588708519935608,0.8739311695098877,0.5737618803977966,0.20430443,0.19774428
YS2003067,0.0,2.0,1.0,3.0,0.12048493938257716,0.11813953488372093,2.0,1.0,13.680000305175781,3.0,0.0017725967336446047,0.005642621777951717,0.05758501961827278,0.06470292806625366,0.10505184,0.16956897
HS1313001,1.0,2.0,1.0,3.0,0.04674415698037745,0.09635811836115327,3.0,0.0,11.779999732971191,4.0,0.0011830904986709356,0.0005744376685470343,0.0020036958158016205,0.60384601354599,0.09753347,0.16919345
HS1316643,1.0,2.0,1.0,3.0,0.017497812773403322,0.08943661971830986,4.0,0.0,13.800000190734863,3.0,0.0029713460244238377,0.01477664802223444,0.1487630158662796,0.08962514996528625,0.10269418,0.16783112
HS1314505,1.0,2.0,1.0,3.0,0.04449443819522559,0.13025641025641024,56.0,0.0,11.020000457763672,2.0,0.005481179337948561,0.029901700094342232,0.24683961272239685,0.3710656762123108,0.0,0.15140885
HS1306471,1.0,0.0,1.0,1.0,0.0,0.08645336963921035,0.0,0.0,14.300000190734863,2.0,0.15540587902069092,0.6491255760192871,6.017915725708008,0.011604967527091503,0.097087175,0.12796763
HS1306571,1.0,2.0,1.0,3.0,0.2647169103862017,0.15468940316686966,17.0,0.0,11.34000015258789,6.0,0.03489826247096062,0.14699138700962067,1.2015737295150757,0.24004460871219635,0.09753347,0.119797125
HS1313925,1.0,0.0,1.0,1.0,0.0,0.09643128321943811,0.0,0.0,14.180000305175781,1.0,0.10601594299077988,0.31449517607688904,2.200573682785034,0.0568217970430851,0.10806869,0.11877332
HS1313391,0.0,2.0,1.0,3.0,0.14141982252218457,0.15319662243667068,25.0,1.0,11.399999618530273,3.0,0.08554774522781372,0.8106045126914978,8.14761734008789,0.2569449543952942,0.09753347,0.11713307
HS1344263,1.0,1.0,1.0,2.0,0.03124609423822022,0.08862526168876483,2.0,0.0,13.520000457763672,4.0,0.1470954865217209,0.6199914216995239,4.167452812194824,0.12674297392368317,0.0,0.10584312
HS1308301,0.0,2.0,1.0,3.0,0.385201849768779,0.17208672086720866,53.0,1.0,10.279999732971191,6.0,0.42501214146614075,1.020877718925476,6.309535503387451,0.07348517328500748,0.09753347,0.09742582
HS1316467,0.0,2.0,2.0,4.0,0.09919593384160316,0.10681244743481917,2.0,1.0,14.300000190734863,2.0,0.0026141232810914516,0.014287896454334259,0.14466243982315063,0.05059121549129486,0.09753347,0.09507863
MH0201629,1.0,1.0,0.0,1.0,0.0,0.10790144435004248,6.0,0.0,13.720000267028809,3.0,0.7211488485336304,1.1940903663635254,6.605648040771484,0.0012555425055325031,0.10269418,0.08207343
HS1313471,1.0,0.0,1.0,1.0,0.0,0.1060985797827903,0.0,0.0,13.600000381469727,1.0,0.08620520681142807,0.3170325458049774,2.0708885192871094,0.08087317645549774,0.097087175,0.08123692
HS1316707,0.0,2.0,1.0,3.0,0.05549306336707911,0.09890965732087227,6.0,1.0,14.319999694824219,1.0,0.14327742159366608,0.8015521168708801,6.7330427169799805,0.016678711399435997,0.0,0.0679253
HS1313676,0.0,1.0,1.0,2.0,0.015748031496062992,0.10291734197730956,1.0,1.0,12.579999923706055,2.0,0.0012070266529917717,0.0005862489342689514,0.0020475531928241253,0.2316291630268097,0.0,0.0642163
HS1316811,0.0,1.0,1.0,2.0,0.015748031496062992,0.09456440804169769,1.0,1.0,14.279999732971191,2.0,0.0013153092004358768,0.0006483274628408253,0.0028647163417190313,0.025259874761104584,0.0,0.063865125
HS1314769,0.0,1.0,1.0,2.0,0.04143232095988002,0.13774403470715835,53.0,1.0,10.619999885559082,3.0,0.02531305141746998,0.10082791745662689,0.8468244671821594,0.33077362179756165,0.10806869,0.059139807
HS1344902,1.0,0.0,1.0,1.0,0.0,0.08246753246753247,0.0,0.0,13.920000076293945,2.0,0.08505379408597946,0.46425971388816833,4.178700923919678,0.08869590610265732,0.0,0.0540694
HS1316532,0.0,2.0,1.0,3.0,0.10890305378494348,0.12366114897760468,31.0,2.0,12.399999618530273,2.0,0.0021096202544867992,0.009013880044221878,0.091607004404068,0.11025725305080414,0.0,0.05351304
HS1314268,0.0,1.0,1.0,2.0,0.03124609423822022,0.08874912648497554,2.0,1.0,14.4399995803833,2.0,0.0012699468061327934,0.0006171264103613794,0.002160551492124796,0.0,0.0,0.049204387
HS2003023,0.0,1.0,1.0,2.0,0.00883222930467025,0.13187954309449637,30.0,1.0,11.4399995803833,3.0,0.003373963525518775,0.021537717431783676,0.2175920307636261,0.27567899227142334,0.0,0.04419613
HS1313123,0.0,1.0,1.0,2.0,0.03124609423822022,0.10548172757475083,1.0,2.0,12.619999885559082,2.0,0.06474955379962921,0.43981197476387024,4.3455705642700195,0.22029373049736023,0.0,0.041016188
HS1316786,0.0,1.0,1.0,2.0,0.06090905303503728,0.11199294532627865,10.0,1.0,14.079999923706055,1.0,0.006790630053728819,0.04376993328332901,0.42845600843429565,0.03689047321677208,0.0,0.035820127
HS1313167,0.0,1.0,1.0,2.0,0.04649418822647169,0.1286727456940223,3.0,1.0,12.5600004196167,2.0,0.003840045537799597,0.01139928214251995,0.08372139930725098,0.17143891751766205,0.31598583,0.035214547
MH0241587,0.0,2.0,1.0,3.0,0.06186726659167603,0.1052195526097763,4.0,2.0,13.399999618530273,1.0,0.36952468752861023,1.0514329671859741,6.308925151824951,0.055969320237636566,0.0,0.03404125
HS1313083,0.0,0.0,2.0,2.0,0.015748031496062992,0.09563253012048192,0.0,3.0,12.899999618530273,0.0,0.001447365852072835,0.0007157426443882287,0.0032112346962094307,0.23573705554008484,0.0,0.032191813
HS1316445,0.0,1.0,1.0,2.0,0.015748031496062992,0.11705069124423963,1.0,1.0,14.239999771118164,2.0,0.004466741345822811,0.016688333824276924,0.144883930683136,0.019964484497904778,0.0,0.032016847
HS1314512,0.0,1.0,1.0,2.0,0.01906011748531434,0.12649402390438247,57.0,1.0,11.460000038146973,2.0,0.01605462282896042,0.02578096091747284,0.12374867498874664,0.11476566642522812,0.0,0.03182575
HS1316554,0.0,1.0,1.0,2.0,0.027121609798775148,0.11493212669683257,22.0,1.0,12.899999618530273,1.0,0.0,0.0,0.0,0.11762400716543198,0.0,0.031406898
MH0258475,1.0,0.0,1.0,1.0,0.0,0.0754604872251931,0.0,0.0,13.640000343322754,3.0,0.16501615941524506,0.8041096329689026,5.749716758728027,0.12604999542236328,0.0,0.03042062
HS1313290,0.0,1.0,1.0,2.0,0.06149231346081739,0.12828282828282828,4.0,1.0,12.140000343322754,3.0,0.004471813328564167,0.03238743916153908,0.32666900753974915,0.24540765583515167,0.0,0.030273892
HS1313220,0.0,1.0,1.0,2.0,0.027038286880806586,0.1506524317912218,21.0,1.0,11.539999961853027,4.0,0.004555536899715662,0.033433929085731506,0.3371686041355133,0.28246551752090454,0.0,0.030034713
HS1324403,1.0,1.0,1.0,2.0,0.159480064991876,0.13012295081967212,9.0,0.0,11.4399995803833,4.0,0.00218934821896255,0.009502501226961613,0.0965491384267807,0.24975988268852234,0.0,0.029800242
HS1316671,0.0,0.0,1.0,1.0,0.0,0.08214747736093143,0.0,1.0,14.140000343322754,2.0,0.29201170802116394,0.8784818649291992,6.603694438934326,0.029096780344843864,0.0,0.0290878
HS1313865,0.0,1.0,1.0,2.0,0.07624046994125734,0.11662075298438934,5.0,2.0,13.260000228881836,1.0,0.07793651521205902,0.23855356872081757,1.726667881011963,0.07863664627075195,0.0,0.025576163
HS1308302,1.0,1.0,1.0,2.0,0.13589967920676582,0.15698393077873918,54.0,0.0,10.65999984741211,4.0,0.00924565177410841,0.07081855088472366,0.7087973952293396,0.40167275071144104,0.0,0.025323184
HS1314237,1.0,1.0,1.0,2.0,0.015748031496062992,0.08167202572347267,1.0,0.0,14.4399995803833,2.0,0.002119324402883649,0.008922717534005642,0.09070151299238205,8.840962628653415e-09,0.0,0.023784505
HS1316849,0.0,1.0,1.0,2.0,0.03124609423822022,0.0903271692745377,2.0,2.0,14.34000015258789,2.0,0.0028322325088083744,0.015926552936434746,0.1611875295639038,0.026308352127671242,0.0,0.02303897
HS1316334,0.0,0.0,1.0,1.0,0.0,0.1060985797827903,0.0,4.0,14.420000076293945,0.0,0.7429552674293518,1.0982407331466675,8.304472923278809,0.01290728710591793,0.0,0.02276963
MH0100334,0.0,1.0,1.0,2.0,0.04649418822647169,0.1161939615736505,3.0,2.0,13.239999771118164,2.0,0.015881408005952835,0.06983978301286697,0.4538007378578186,0.09395329654216766,0.0,0.019314587
MH0101924,1.0,1.0,1.0,2.0,0.1724784401949756,0.14614499424626007,12.0,0.0,12.760000228881836,3.0,0.002443680539727211,0.012248716317117214,0.12417510896921158,0.1110713854432106,0.0,0.016603872
HS1316677,0.0,0.0,2.0,2.0,0.031871016122984624,0.09746738296239447,0.0,2.0,13.859999656677246,2.0,0.149297833442688,0.8028402328491211,6.734099864959717,0.04006798565387726,0.0,0.01437647
HS1316566,0.0,1.0,1.0,2.0,0.08611423572053492,0.10583333333333333,9.0,1.0,13.079999923706055,4.0,0.003381868824362755,0.02041604183614254,0.20641545951366425,0.09388305991888046,0.097087175,0.013863818
HS1313803,0.0,1.0,1.0,2.0,0.08017747781527304,0.15679012345679014,40.0,1.0,11.579999923706055,3.0,0.0038242298178374767,0.022397032007575035,0.22645384073257446,0.2583589255809784,0.0,0.011957706
HS1313415,0.0,1.0,1.0,2.0,0.04649418822647169,0.13382507903055849,3.0,2.0,13.359999656677246,2.0,0.0013449706602841616,0.0007112958701327443,0.004467397928237915,0.09817897528409958,0.0,0.011883239
HS1313026,0.0,0.0,1.0,1.0,0.0,0.09592145015105741,0.0,1.0,12.619999885559082,1.0,0.00645394017919898,0.03465260565280914,0.3292696177959442,0.20997485518455505,0.0,0.011366203
HS1313283,0.0,0.0,1.0,1.0,0.0,0.10283400809716599,0.0,1.0,13.0,1.0,0.0355503223836422,0.13640426099300385,0.9810214042663574,0.1326061338186264,0.0,0.010082113
HS1313618,1.0,0.0,1.0,1.0,0.0,0.08728522336769759,0.0,0.0,13.680000305175781,1.0,0.001169576309621334,0.0005679093301296234,0.0019861108157783747,0.09764797985553741,0.10806869,0.009977667
HS1316814,1.0,0.0,1.0,1.0,0.0,0.07669082125603864,0.0,0.0,14.380000114440918,1.0,0.003928321413695812,0.027107946574687958,0.27358585596084595,0.02625645138323307,0.0,0.009766688
HS1306554,1.0,0.0,2.0,2.0,0.09073865766779152,0.1358288770053476,0.0,0.0,12.680000305175781,4.0,0.0020892061293125153,0.008891064673662186,0.09036484360694885,0.13707448542118073,0.0,0.009071422
HS1317102,0.0,0.0,1.0,1.0,0.0,0.10283400809716599,0.0,1.0,13.0,1.0,0.001432702294550836,0.0008392680902034044,0.005085212178528309,0.16813889145851135,0.0,0.008832089
HS2003014,0.0,1.0,1.0,2.0,0.015748031496062992,0.1341077085533263,53.0,2.0,11.140000343322754,2.0,0.15496522188186646,0.7162125110626221,5.207859992980957,0.32653236389160156,0.0,0.008579623
HS1316344,0.0,1.0,1.0,2.0,0.04649418822647169,0.11880261927034612,3.0,2.0,14.100000381469727,1.0,0.0011724454816430807,0.0005693665589205921,0.001991504104807973,0.05932537466287613,0.0,0.008484469
MH0200661,1.0,1.0,1.0,2.0,0.03124609423822022,0.09822119102861562,2.0,0.0,13.899999618530273,3.0,0.0037354433443397284,0.024886665865778923,0.2512824833393097,0.0015132864937186241,0.0,0.0076984838
MH0242298,0.0,0.0,1.0,1.0,0.0,0.1036734693877551,0.0,2.0,14.520000457763672,1.0,0.3445974588394165,1.0447030067443848,6.7572760581970215,0.011625868268311024,0.0,0.006866821
HS2003070,0.0,1.0,1.0,2.0,0.1327334083239595,0.1316062176165803,3.0,1.0,13.640000343322754,3.0,0.004965773317962885,0.037446677684783936,0.3775101602077484,0.06343889981508255,0.0,0.0059632
HS1311349,0.0,0.0,1.0,1.0,0.0,0.08668941979522184,0.0,1.0,13.699999809265137,1.0,0.0013105734251439571,0.0016149480361491442,0.016370592638850212,0.09901560097932816,0.0,0.005809168
HS1330826,0.0,1.0,0.0,1.0,0.0,0.09584905660377359,1.0,1.0,14.720000267028809,1.0,0.002804808085784316,0.01577899232506752,0.15969307720661163,0.002752025378867984,0.0,0.0057210578
HS1313343,0.0,0.0,1.0,1.0,0.0,0.10275080906148867,0.0,1.0,12.859999656677246,1.0,0.08131835609674454,0.7292829751968384,7.3232879638671875,0.22325852513313293,0.0,0.0052351505
HS1316726,0.0,0.0,1.0,1.0,0.0,0.11524500907441017,0.0,1.0,14.479999542236328,1.0,0.08625628799200058,0.6229256391525269,6.226484775543213,0.009702371433377266,0.0,0.005009326
HS1344920,1.0,0.0,1.0,1.0,0.0,0.09338235294117647,0.0,0.0,12.819999694824219,2.0,0.00122463412117213,0.0006026675691828132,0.0024989971425384283,0.23124319314956665,0.0,0.004755762
HS1344261,1.0,0.0,1.0,1.0,0.0,0.1060985797827903,0.0,0.0,14.119999885559082,1.0,0.0,0.0,0.0,0.053169846534729004,0.101610236,0.0046179793
HS1313569,0.0,0.0,1.0,1.0,0.0,0.11792014856081709,0.0,1.0,13.9399995803833,1.0,0.0034336987882852554,0.022090088576078415,0.22314903140068054,0.04804686829447746,0.0,0.0039349436
HS1313740,0.0,0.0,1.0,1.0,0.0,0.11792014856081709,0.0,1.0,13.9399995803833,1.0,0.0033068498596549034,0.02068755030632019,0.20905962586402893,0.048075754195451736,0.101610236,0.0038979705
HS1316177,0.0,2.0,1.0,3.0,0.3004832729242179,0.14464692482915717,57.0,1.0,11.899999618530273,2.0,0.016761593520641327,0.13231810927391052,1.316615104675293,0.28368985652923584,0.101610236,0.0036667853
HS1313613,0.0,0.0,1.0,1.0,0.0,0.11792014856081709,0.0,1.0,13.9399995803833,1.0,0.001212254399433732,0.0006527960649691522,0.0042952909134328365,0.04806825518608093,0.0,0.0033907515
HS2003125,0.0,0.0,1.0,1.0,0.0,0.08850174216027874,0.0,1.0,14.720000267028809,1.0,0.002496338216587901,0.012919641099870205,0.13091422617435455,3.985727659028271e-08,0.0,0.0032163179
HS1314210,0.0,0.0,1.0,1.0,0.0,0.07555026769779893,0.0,1.0,14.479999542236328,1.0,0.002019256353378296,0.008340484462678432,0.08480840176343918,4.279940313267616e-08,0.0,0.0028052814
HS1316396,0.0,1.0,1.0,2.0,0.1801858101070699,0.12342079689018465,8.0,1.0,14.100000381469727,1.0,0.08378155529499054,0.24434059858322144,1.4859528541564941,0.046937353909015656,0.0,0.00242106
HS1316892,0.0,0.0,1.0,1.0,0.0,0.09657794676806084,0.0,2.0,14.359999656677246,1.0,0.013346568681299686,0.0921022966504097,0.911857545375824,0.04772257059812546,0.0,0.002267418
HS1313534,0.0,0.0,1.0,1.0,0.0,0.11555959963603275,0.0,2.0,13.5,1.0,0.003271023277193308,0.020075099542737007,0.20292367041110992,0.09409040212631226,0.0,0.0020782454
HS1313140,1.0,1.0,0.0,1.0,0.0,0.10513245033112582,9.0,0.0,13.779999732971191,2.0,0.0025708789471536875,0.005462747532874346,0.041436538100242615,0.09481378644704819,0.0,0.0016768824
HS1311473,1.0,0.0,1.0,1.0,0.0,0.08795013850415513,0.0,0.0,12.34000015258789,3.0,0.005125999450683594,0.027992332354187965,0.2181461751461029,0.2471034973859787,0.0,0.0015944329
HS1313839,0.0,0.0,1.0,1.0,0.0,0.09527381845461365,0.0,4.0,13.819999694824219,0.0,0.07921057939529419,0.23019428551197052,1.6990559101104736,0.07470137625932693,0.0,0.001025294
HS1313508,0.0,0.0,1.0,1.0,0.0,0.1060985797827903,0.0,4.0,13.899999618530273,0.0,0.003332915948703885,0.021537773311138153,0.21755674481391907,0.09635401517152786,0.0,0.0007916417
HS1311475,0.0,0.0,1.0,1.0,0.0,0.08230719377835385,0.0,1.0,14.020000457763672,2.0,0.0012378486571833491,0.0006607340183109045,0.0042559741996228695,0.0015157124726101756,0.0,0.00076972414
HS1316530,0.0,1.0,1.0,2.0,0.12246385868433107,0.1406423034330011,86.0,2.0,11.079999923706055,2.0,0.0011581506114453077,0.0005623202305287123,0.0019678643438965082,0.37261563539505005,0.0,0.0005644129
MH0100819,0.0,1.0,0.0,1.0,0.0,0.11835973904939422,54.0,3.0,11.579999923706055,0.0,0.010992908850312233,0.03612774983048439,0.2359597086906433,0.3743761479854584,0.0,0.00043575992
HS1316010,0.0,0.0,1.0,1.0,0.0,0.08728522336769759,0.0,5.0,13.979999542236328,0.0,0.0012377023231238127,0.0006011778605170548,0.0020979302935302258,0.09759842604398727,0.0,0.00037516825
HS1344159,0.0,1.0,1.0,2.0,0.28910969462150565,0.15264423076923078,48.0,1.0,12.0600004196167,3.0,0.0028232643380761147,0.015872400254011154,0.16064001619815826,0.2784639000892639,0.0,0.0003625849
HS1313965,0.0,0.0,1.0,1.0,0.0,0.09643128321943811,0.0,5.0,14.479999542236328,0.0,0.0033642917405813932,0.021189209073781967,0.2141035795211792,0.058512598276138306,0.0,0.00029708366
1,0.0,1.0,0.0,1.0,0.0,0.11683532658693652,111.0,1.0,9.380000114440918,1.0,0.004801498260349035,0.023627201095223427,0.19326245784759521,0.5438535809516907,0.0,7.567753e-05
HS1316207,0.0,2.0,1.0,3.0,0.1310252885056034,0.1341077085533263,85.0,1.0,10.520000457763672,1.0,0.5606824159622192,1.6490952968597412,15.68790340423584,0.09380396455526352,0.101610236,1.0672992e-05
HS1344166,0.0,1.0,0.0,1.0,0.0,0.0873452544704264,1.0,15.0,15.0,0.0,0.0012003054143860936,0.0005827028653584421,0.0020378855988383293,0.009317330084741116,0.0,5.9377133e-08
