strategy,n,layout_file,direct,near,far,mean_hop,max_hop,overlap_count,monitor_dispersion_mean_hop,monitor_redundancy_mean_jaccard,signature_mean_nn,signature_min_nn,signature_p10_nn
betweenness,5,E:\11.16\script2_new\chapter5_layout_optimization\outputs\layouts\betweenness\monitor_nodes_betweenness_N5.json,3,10,37,8.12,15.0,3,8.2,0.19158730158730158,0.4063333570957184,0.0,0.0
candidate_observability,5,E:\11.16\script2_new\chapter5_layout_optimization\outputs\layouts\candidate_observability\monitor_nodes_candidate_observability_N5.json,3,20,27,5.38,15.0,3,11.9,0.03111111111111111,0.2603333294391632,0.0,0.0
degree,5,E:\11.16\script2_new\chapter5_layout_optimization\outputs\layouts\degree\monitor_nodes_degree_N5.json,3,13,34,5.78,15.0,3,3.9,0.10277777777777777,0.5090000033378601,0.0,0.0
downstream,5,E:\11.16\script2_new\chapter5_layout_optimization\outputs\layouts\downstream\monitor_nodes_downstream_N5.json,1,4,45,7.22,15.0,1,2.0,0.2783333333333333,0.2160000056028366,0.0,0.0
identifiability_driven,5,E:\11.16\script2_new\chapter5_layout_optimization\outputs\layouts\identifiability_driven\monitor_nodes_identifiability_driven_N5.json,3,20,27,5.38,15.0,3,11.9,0.03111111111111111,0.2603333294391632,0.0,0.0
random,5,E:\11.16\script2_new\chapter5_layout_optimization\outputs\layouts\random\monitor_nodes_random_N5.json,2,8,40,10.04,15.0,2,15.0,0.03333333333333333,0.2160000056028366,0.0,0.0
betweenness,10,E:\11.16\script2_new\chapter5_layout_optimization\outputs\layouts\betweenness\monitor_nodes_betweenness_N10.json,5,12,33,7.38,15.0,5,8.444444444444445,0.16006172839506172,0.997666597366333,0.0,0.0
candidate_observability,10,E:\11.16\script2_new\chapter5_layout_optimization\outputs\layouts\candidate_observability\monitor_nodes_candidate_observability_N10.json,6,30,14,2.36,9.0,6,12.488888888888889,0.008641975308641974,0.5323333144187927,0.0,0.0
degree,10,E:\11.16\script2_new\chapter5_layout_optimization\outputs\layouts\degree\monitor_nodes_degree_N10.json,6,17,27,5.1,15.0,6,9.622222222222222,0.06710758377425044,1.0736666917800903,0.0,0.0
downstream,10,E:\11.16\script2_new\chapter5_layout_optimization\outputs\layouts\downstream\monitor_nodes_downstream_N10.json,4,4,42,6.46,15.0,4,6.911111111111111,0.23851851851851846,0.8673332929611206,0.0,0.0
identifiability_driven,10,E:\11.16\script2_new\chapter5_layout_optimization\outputs\layouts\identifiability_driven\monitor_nodes_identifiability_driven_N10.json,6,29,15,3.02,15.0,6,11.977777777777778,0.013668430335097003,0.6243333220481873,0.0,0.0
random,10,E:\11.16\script2_new\chapter5_layout_optimization\outputs\layouts\random\monitor_nodes_random_N10.json,5,14,31,6.12,15.0,5,13.933333333333334,0.015555555555555555,0.5213333368301392,0.0,0.0
betweenness,15,E:\11.16\script2_new\chapter5_layout_optimization\outputs\layouts\betweenness\monitor_nodes_betweenness_N15.json,7,13,30,4.88,15.0,7,9.00952380952381,0.11553665910808768,1.3899999856948853,0.0,0.0
candidate_observability,15,E:\11.16\script2_new\chapter5_layout_optimization\outputs\layouts\candidate_observability\monitor_nodes_candidate_observability_N15.json,9,33,8,1.52,5.0,9,13.095238095238095,0.010748299319727891,1.0336666107177734,0.0,0.0
degree,15,E:\11.16\script2_new\chapter5_layout_optimization\outputs\layouts\degree\monitor_nodes_degree_N15.json,8,19,23,3.9,15.0,8,9.647619047619047,0.08932350718065003,1.7993332147598267,0.0,0.0
downstream,15,E:\11.16\script2_new\chapter5_layout_optimization\outputs\layouts\downstream\monitor_nodes_downstream_N15.json,4,8,38,5.88,15.0,4,9.619047619047619,0.1473053665910809,1.153666615486145,0.0,0.0
identifiability_driven,15,E:\11.16\script2_new\chapter5_layout_optimization\outputs\layouts\identifiability_driven\monitor_nodes_identifiability_driven_N15.json,9,33,8,1.7,10.0,9,12.514285714285714,0.019871504157218445,1.318000078201294,0.0,0.0
random,15,E:\11.16\script2_new\chapter5_layout_optimization\outputs\layouts\random\monitor_nodes_random_N15.json,6,14,30,5.72,15.0,6,13.476190476190476,0.03603174603174603,0.7823333144187927,0.0,0.0
betweenness,20,E:\11.16\script2_new\chapter5_layout_optimization\outputs\layouts\betweenness\monitor_nodes_betweenness_N20.json,10,14,26,3.84,15.0,10,8.91578947368421,0.10984335839598997,2.108999729156494,0.0,0.0
candidate_observability,20,E:\11.16\script2_new\chapter5_layout_optimization\outputs\layouts\candidate_observability\monitor_nodes_candidate_observability_N20.json,12,35,3,1.2,3.0,12,12.963157894736842,0.0056265664160401,1.746666669845581,0.0,0.0
degree,20,E:\11.16\script2_new\chapter5_layout_optimization\outputs\layouts\degree\monitor_nodes_degree_N20.json,12,18,20,3.64,15.0,12,9.294736842105262,0.07945906432748538,2.4786665439605713,0.0,0.0
downstream,20,E:\11.16\script2_new\chapter5_layout_optimization\outputs\layouts\downstream\monitor_nodes_downstream_N20.json,6,9,35,5.44,15.0,6,8.957894736842105,0.12841478696741856,1.9153332710266113,0.0,0.0
identifiability_driven,20,E:\11.16\script2_new\chapter5_layout_optimization\outputs\layouts\identifiability_driven\monitor_nodes_identifiability_driven_N20.json,12,35,3,1.26,5.0,12,12.494736842105263,0.013437761069340016,1.9349998235702515,0.0,0.3333333432674408
random,20,E:\11.16\script2_new\chapter5_layout_optimization\outputs\layouts\random\monitor_nodes_random_N20.json,10,18,22,3.24,15.0,10,12.457894736842105,0.022857142857142857,1.3776665925979614,0.0,0.0
betweenness,25,E:\11.16\script2_new\chapter5_layout_optimization\outputs\layouts\betweenness\monitor_nodes_betweenness_N25.json,11,16,23,3.56,15.0,11,9.606666666666667,0.09478439153439154,2.6540000438690186,0.0,0.0
candidate_observability,25,E:\11.16\script2_new\chapter5_layout_optimization\outputs\layouts\candidate_observability\monitor_nodes_candidate_observability_N25.json,15,34,1,0.94,3.0,15,12.526666666666667,0.015628306878306877,2.5236668586730957,0.3333333432674408,0.8000000715255737
degree,25,E:\11.16\script2_new\chapter5_layout_optimization\outputs\layouts\degree\monitor_nodes_degree_N25.json,12,21,17,3.48,15.0,12,9.78,0.06839550264550263,3.008333206176758,0.0,0.0
downstream,25,E:\11.16\script2_new\chapter5_layout_optimization\outputs\layouts\downstream\monitor_nodes_downstream_N25.json,9,10,31,4.9,15.0,9,9.236666666666666,0.10384259259259258,2.5410001277923584,0.0,0.0
identifiability_driven,25,E:\11.16\script2_new\chapter5_layout_optimization\outputs\layouts\identifiability_driven\monitor_nodes_identifiability_driven_N25.json,15,34,1,0.98,3.0,15,12.78,0.019325396825396825,2.624333143234253,0.5,0.8333333730697632
random,25,E:\11.16\script2_new\chapter5_layout_optimization\outputs\layouts\random\monitor_nodes_random_N25.json,9,29,12,1.96,8.0,9,13.576666666666666,0.016888888888888887,1.772666573524475,0.0,0.0
